{
    "rmse": 0.7802431514126491,
    "mae": 0.6109399322959204,
    "r2": 0.1795452379763075
}