{
    "rmse": 0.77506191365192,
    "mae": 0.6092124061068948,
    "r2": 0.19932382951229144
}