{
    "rmse": 0.7993126289958531,
    "mae": 0.627416554818523,
    "r2": 0.18952919249323963
}